model_id	name	abundance_g/gDW
s_1520[c]	trehalose	0.050958
s_0773[c]	glycogen	0.0666
s_3717[c]	protein	0.46
s_3719[c]	RNA	0.061
s_3740[c]	C16:0chain	0.00808584
s_3741[c]	C16:1chain	0.02373021
s_3742[c]	C18:0chain	0.002266316
s_3743[c]	C18:1chain	0.008706639
